{
  "name": "Istok Web",
  "designer": "Andrey V. Panov",
  "license": "OFL",
  "visibility": "External",
  "category": "Sans Serif",
  "size": 114423,
  "fonts": [
    {
      "name": "Istok Web",
      "style": "normal",
      "weight": 700,
      "filename": "IstokWeb-Bold.ttf",
      "postScriptName": "IstokWeb-Bold",
      "fullName": "Istok Web Bold",
      "copyright": "Copyright (c) 2008-2014, Andrey V. Panov (panov@canopus.iacp.dvo.ru), with Reserved Font Name Istok"
    },
    {
      "name": "Istok Web",
      "style": "italic",
      "weight": 500,
      "filename": "IstokWeb-BoldItalic.ttf",
      "postScriptName": "IstokWeb-BoldItalic",
      "fullName": "Istok Web Bold Italic",
      "copyright": "Copyright (c) 2008-2014, Andrey V. Panov (panov@canopus.iacp.dvo.ru), with Reserved Font Name Istok"
    },
    {
      "name": "Istok Web",
      "style": "italic",
      "weight": 500,
      "filename": "IstokWeb-Italic.ttf",
      "postScriptName": "IstokWeb-Italic",
      "fullName": "Istok Web Italic",
      "copyright": "Copyright (c) 2008-2014, Andrey V. Panov (panov@canopus.iacp.dvo.ru), with Reserved Font Name Istok"
    },
    {
      "name": "Istok Web",
      "style": "normal",
      "weight": 500,
      "filename": "IstokWeb-Regular.ttf",
      "postScriptName": "IstokWeb-Regular",
      "fullName": "Istok Web Regular",
      "copyright": "Copyright (c) 2008-2014, Andrey V. Panov (panov@canopus.iacp.dvo.ru), with Reserved Font Name Istok"
    }
  ],
  "subsets": [
    "cyrillic",
    "cyrillic-ext",
    "latin",
    "latin-ext",
    "menu"
  ],
  "dateAdded": "2011-07-13"
}
